Check Out This Awesome Happy Thanksgiving German Shepherd Unisex Authentic Hawaiian Shirt 2022,https://cdnshopify.s3.amazonaws.com/152730_8816027_4822602.png
Get Here Will Safe Tonight Sleep With Firefighter Hawaiian Aloha Shirts,https://cdnshopify.s3.amazonaws.com/833367_4667225_4979108.jpg
Hawaiian Aloha Shirts Colorful Elephants,https://cdnshopify.s3.amazonaws.com/177032_3425764_7244860.jpg
Shop Amazing Airplanes Hawaiian Aloha Shirts 1010h,https://cdnshopify.s3.amazonaws.com/998789_2070711_2096291.jpg
Shop From 1000 Unique Red Pattern Louisiana Lover Hawaiian Aloha Shirts H,https://cdnshopify.s3.amazonaws.com/382221_4119601_8802654.jpg
Hawaiian Aloha Shirts Happy Easter From Some Bunny,https://cdnshopify.s3.amazonaws.com/553672_1002391_6542444.jpg
Discover Cool Hawaiian Aloha Shirts Stay Cool Snowman 911l,https://cdnshopify.s3.amazonaws.com/733100_2961436_1678315.jpg
Shop Happy Easter Red Sweet Bunny Lamb Chick Cookies Hawaiian Aloha Shirts Dh,https://cdnshopify.s3.amazonaws.com/673824_3922082_6547736.png
Seahawks Button Up Shirt Nfl 2022 Authentic Hawaiian Shirt,https://cdnshopify.s3.amazonaws.com/893007_5057268_6991837.jpg
Check Out This Awesome The Gift Of The Gnome Christmas 2022 Authentic Hawaiian Shirt,https://cdnshopify.s3.amazonaws.com/181435_7953075_5825663.jpg
Rolling Rock U Hawaii Shirt,https://masswerks.net/wp-content/uploads/2021/12/rolling_rock_u_hawaii_shirt_ver_2_7738.jpg
International Harvester Hawaii Shirt,https://masswerks.net/wp-content/uploads/2021/12/international_harvester_hawaii_shirt_6084.jpg
Green Bay Packers Hawaii Shirt,https://masswerks.net/wp-content/uploads/2021/12/green_bay_packers_hawaii_shirt_2186.jpg
Pabst Blue Ribbon Hawaii Shirt,https://masswerks.net/wp-content/uploads/2021/12/pabst_blue_ribbon_hawaii_shirt_ver_2_1252.jpg
Busch Light Hawaii Shirt,https://masswerks.net/wp-content/uploads/2021/12/busch_light_hawaii_shirt_5226.jpg
Guns NRoses Hawaii Shirt,https://masswerks.net/wp-content/uploads/2021/12/guns_n_roses_hawaii_shirt_1095.jpg
Baltimore Ravens Hawaii Shirt,https://masswerks.net/wp-content/uploads/2021/12/baltimore_ravens_hawaii_shirt_6532.jpg
Hornitos Tequila Hawaii Shirt,https://masswerks.net/wp-content/uploads/2021/12/hornitos_tequila_hawaii_shirt_7157.jpg
The Lego Hawaii Shirt,https://masswerks.net/wp-content/uploads/2021/12/the_lego_hawaii_shirt_3372.jpg
Gretsch Hawaii Shirt,https://masswerks.net/wp-content/uploads/2021/12/gretsch_hawaii_shirt_4739.jpg
